author,coin,danmaku,favorite,id,like,rank_num,rank_tab,reply,score,share,tag_name,title,view
力元君,104,270,36,19642758,71,1,全站,64,,11,"电子竞技,韩服王者高端局,FAKER大魔王,LOL,韩服OB,SilenceOB",我们终于蹭到周淑怡的饭了！！！,8967
广东共青团,2,0,1,330383888,6,27,全站,0,,1,"手机游戏,电子竞技,王者荣耀,王者荣耀靓仔生日会,王者农药,必剪创作",让你模仿，没让你超越…,1779
牛事,1,1,13,94508565,40,22,全站,10,,10,"美妆,直播,彩妆,化妆教程,睫毛膏,李佳琦",儿子喝药结束一命，我挣这么多钱花不完！,13555
大漠叔叔,0,0,0,67141499,3,18,全站,0,,2,"电子竞技,守望先锋,第一视角,游戏视频,守望先锋视频",中国人不骗中国人，边境发财日入过万,46
三代鹿人,7,31,9,5870268,0,16,全站,8,,6,"国人男声,吉他弹唱,民谣",《如果娱乐圈倒退二十年》,467
狂阿弥_,1,1,10,3433092,0,15,全站,0,,9,"运动,体操,倒立",对话，余华！！！！！！！,341
鹤吱菌,165,464,457,3353026,32,100,全站,59,,69,"荼岩,勇者大冒险,1209安岩生日快乐",全班唯一自习被锁教室里的学生,10396
机智的Kason,7,0,2,8549577,3,98,全站,2,,16,"美食,日常",啊哈哈，催逝员玩具来啦！太离谱了！现实比电视剧还魔幻！,121
采紫葳的凌霄子,18,117,145,20615621,96,97,全站,31,,25,"明星,灿白,灿嘟,EXO",【李云龙】孤勇者,5042
籽岷,2,1,1,686127,7,96,全站,10,,11,"游戏集锦,SSF4AE,WATER209,VEGA,DOGURA,ABEL",RLCraft！正面硬杠！最新2.9版 EP21！,456
小紧张的虫虫,1,0,4,6087825,2,94,全站,1,,4,"舞蹈,DANCE,SHUFFLE",便利店干饭，罗森圣诞限定蛋糕到底好不好吃？美食探店/无广试吃员,665
iverdong,2,0,0,289051393,7,91,全站,0,,0,"只狼,实况攻略,游戏知识分享官,实况解说,攻略,新人,心中的义父,只狼：影逝二度,打卡挑战,游戏头号玩家",张雪峰吉林财经大学演讲正片部分,108
胥渡吧,1744,1352,1114,8112659,38,90,全站,438,,318,"操起老本行,从前有座灵剑山,防不胜防,国漫",用容嬷嬷的声音和老公说话,116844
虫哥说电影,125,220,172,29296192,184,84,全站,68,,16,"无花,胡歌,剪辑,古装,张智尧,陶醉,阿卑罗王",大型影楼风国产辣眼神话剧《封神英雄》，没想到第二部比第一部更夸张！,8603
特效小哥studio,94,123,911,3066511,25,81,全站,31,,31,"绘画,手绘,插画,教学视频,水彩,绘画教程",无 伤 速 通 催 逝 员,8491
o棠梨o,1,0,4,31964841,0,79,全站,2,,0,"素食,健身,运动,生活,减脂,VLOG,youtube",【精华剪辑】一斗CV刘照坤老师声泪俱下召唤儿子［原神声优抽卡］,98
盖里老哥,0,0,0,285571498,5,77,全站,1,,0,五五开黑节-游戏向,整蛊！假装偷偷在熟睡女友旁看小姐姐热舞！被逮个正着！,33
夏终雨声,17,0,131,26959389,43,72,全站,10,,11,"无人声,催眠向,耳机向,YOUTUBE,长指甲,轻敲,要和SoundSpace叔一起高产如母猪",这 下 毒，多 是 一 件 美 事 儿 啊 ~,2340
河野华,0,0,0,18343098,3,69,全站,0,,1,"电视剧,虎啸龙吟",屑妹妹也想要变得可爱 4K,151
小小段砸,0,0,0,288387457,1,65,全站,0,,0,"年度报告,2020时光机",《 校 园 情 侣 的 魅 力 》,38
流萤Zz,3,3,24,2108856,3,61,全站,3,,3,"りだあ,フロイライン＝ビブリォチカ",不 愧 是 爷！3,538
洛克王国官方手游,0,0,1,626796832,0,59,全站,0,,0,"翻唱,唱歌,原创,音乐,短视频,卡拉OK,KTV",【洛克手游最新宣传片】首发精灵！首发场景！冒险启程~,61
生草字幕组,12,3,0,32590791,7,54,全站,1,,4,"游戏集锦,电子竞技,游戏视频,SD敢达,SD敢达OL,网络游戏",笑死！神户中华街，北京烤鸭店大妈的中式塑料日语绝了！,684
疯狂小杨哥,5,0,11,419738808,25,50,全站,9,,31,"神秘,恐怖,诡异,心理学,怪谈,惊悚,灵异,司徒法正,打卡挑战",今天真的是有点心疼老爸和老弟。,1963
小芃路子野,1,7,15,57214324,22,44,全站,2,,1,"电子竞技,手机游戏,王者荣耀,直播录制,孤影",神箭手·叶问,1873
食贫道,2,0,1,39627524,5,37,全站,0,,3,"绘画,绘画过程,指绘,画世界",敲开百万UP主家门，从起床到睡觉真实揭秘，他居然是这样的人！,53
北大秃头博士,0,0,0,20330621,3,34,全站,0,,11,抽奖,我终于娶到了我6岁时喜欢的姑娘,50
盗月社食遇记,1,0,1,99157282,6,14,全站,1,,0,"美食,美食圈,吃播,美食视频,料理制作,生活,吃货,日常,料理","让小学生当导演,能否拍出,中国最纯粹的电影?!",131
高坂大芥末,0,0,0,415890389,0,13,全站,0,,0,"电子竞技,CS:GO,CSGO,精彩集锦,必剪创作",b 站 热 度 年 度 总 结 ☆【禁止套娃2021】,6
凉风Kaze,0,0,2,14110780,6,7,全站,12,,0,"日本职棒,NPB,棒球,运动,欧力士野牛队",这些梗秒懂的都是老二次元了,497
木鱼水心,13,555,7,927587,2,6,全站,29,,5,"mugen,凶级,MUGEN",【25格】纯爱？你可能从未看懂它！超细节解析新海诚《言叶之庭》的秘密,2535
任性的KIMKILLS,3296,1950,22081,25623387,9233,3,全站,388,,599,"绘画,水彩,手绘",今年冬奥会没他 我不看,226566
author,coin,danmaku,favorite,id,like,rank_num,rank_tab,reply,score,share,tag_name,title,view
力元君,104,270,36,19642758,71,1,全站,64,,11,"电子竞技,韩服王者高端局,FAKER大魔王,LOL,韩服OB,SilenceOB",我们终于蹭到周淑怡的饭了！！！,8967
